{
  "configVersion": 1,
  "timestamp": 1600837323688,
  "index": "/index.html",
  "assetGroups": [
    {
      "name": "app",
      "installMode": "prefetch",
      "updateMode": "prefetch",
      "urls": [
        "/100.c053511e0a936d6a8e2c.js",
        "/101.7da20252343dd7ef576a.js",
        "/102.c8ab5b211deb16017824.js",
        "/103.b1fa97f6c6871acd14eb.js",
        "/104.5082b565b415b74e1764.js",
        "/105.a8b554ce69422f9ecc4a.js",
        "/106.f325b599205ec3a0436f.js",
        "/107.4e28c3bb678f658ac171.js",
        "/108.4fb2271fd3fd420a5783.js",
        "/109.4869192e51e3a69d29fc.js",
        "/110.e57e848d652992377f51.js",
        "/111.bc9ad4b6beec45cf7067.js",
        "/112.f80a17431b008c307e2f.js",
        "/113.37e9b14d5d19987c7bbd.js",
        "/114.bca20705bd1670a0299d.js",
        "/115.8832a8d59f709310be61.js",
        "/116.db9bdc2359280767d242.js",
        "/117.66035b42b49f078d8ced.js",
        "/118.d199d74a205bd58c931d.js",
        "/119.f8f29659d77841be75a6.js",
        "/120.07d6c0612e8f294ef844.js",
        "/121.d3065b9d9b324a2fc4cf.js",
        "/122.3fcd05edc734d2b7e50e.js",
        "/123.d8235d16a38a5d68453b.js",
        "/15.a9da020b9d31faa597ff.js",
        "/16.b559612686b8d5f14328.js",
        "/17.0dc8c79d0bc9a37acffa.js",
        "/18.055c2e32dd2f97d6564d.js",
        "/19.dd9a291d5833be8371c5.js",
        "/2.54eedf0257ae56f684f7.js",
        "/20.bebc9f9099a2c42beecd.js",
        "/21.80de9933333ebd58bfe0.js",
        "/22.824aee733bbf318980cd.js",
        "/23.55d941699f2dd3418fc1.js",
        "/24.ab172c99b3afb995e581.js",
        "/25.8ff59846deac20af96c9.js",
        "/26.8618256e8fb9d4460841.js",
        "/27.7255e6c187f20f51802a.js",
        "/28.1a030ad6a715a1a942ad.js",
        "/29.6d26a36fca563d118bea.js",
        "/3.5da80a62f88fd744035a.js",
        "/30.870e74fd86c6727e1818.js",
        "/31.6689a6d4341cde2294d0.js",
        "/32.6ace22374207625bc9c4.js",
        "/33.d66169118956361018cf.js",
        "/34.a31e4418512198fddbd0.js",
        "/35.9c0baf6356aa8fa608a8.js",
        "/36.9a855e18a1a481f5ae87.js",
        "/37.0cfb3b94650f70e57554.js",
        "/38.08f39a56a21d9aefff6c.js",
        "/39.fb973180a82d952ba838.js",
        "/4.e080dc9dba81bfab6e09.js",
        "/40.fe6d8134a334e46d07b2.js",
        "/41.b8ff3d8fda6b5ecaf6aa.js",
        "/42.d12f650136edaae7e140.js",
        "/43.be0010eed4052d125116.js",
        "/44.d0ab18f5e637fe68006a.js",
        "/45.094e807ddc8a879ea841.js",
        "/46.8eeae0bedcca27f3a1ad.js",
        "/47.5f950e622079c101790b.js",
        "/48.f6c49abee4d2d58e6eb8.js",
        "/49.f760b9bb1647e266ad3b.js",
        "/5.094ab49456209af5372a.js",
        "/50.59825a793d1ffbfcddfd.js",
        "/51.585959781a9f1cd71f1d.js",
        "/52.fdac0ef0ad8e83ae24c6.js",
        "/53.bfe130efefb150b4f6a4.js",
        "/54.e90785401279e165bde6.js",
        "/55.b3d19eb551d01efe634a.js",
        "/56.fd29563d942ff5c6d35b.js",
        "/57.9b54e9d23386df9c0755.js",
        "/58.aa89eb6dc085f53dcd92.js",
        "/59.7cc3cb9fc09b2fdcb415.js",
        "/6.14ddcd98c7e38d2367a5.js",
        "/60.eb575e95537dca261810.js",
        "/61.43e76adbcd604577fcb3.js",
        "/62.9b6e3d6d13ed5f5df342.js",
        "/63.62ff42f55dbd4d46b45d.js",
        "/64.c3843ae756d3d11804c1.js",
        "/65.5148ce224bae93966c48.js",
        "/66.65a6cecb0bbc253b0fb1.js",
        "/67.e2e7c7456969f1aa0b94.js",
        "/68.2fc1788fe9ea7a121031.js",
        "/69.7a69ea248bfc3e3ddf74.js",
        "/7.8eadbc219ce9ea52a442.js",
        "/70.2d862359dc763c24dae2.js",
        "/71.2b86dde286e4823bd2ac.js",
        "/72.eb53eaecc3979c19affd.js",
        "/73.48240ae068180d1b1978.js",
        "/74.96fc1f84d6b214be185d.js",
        "/75.7ea997512fe2b1c1468b.js",
        "/76.891be4041fbcd0e1dccf.js",
        "/77.6c6f976be93ffc64f2e8.js",
        "/78.0a2e2f8b696ca43fb603.js",
        "/79.e5fa3316008d33a79585.js",
        "/8.ff7167e114b743a32c59.js",
        "/80.909e7d3b3355fbaa8f5b.js",
        "/81.216b471472c04d6aff43.js",
        "/82.230e5c28de3c44491da4.js",
        "/83.b5641205a6c67b77587f.js",
        "/84.15b8725f352e6d0a6b5c.js",
        "/85.e5fd6ecf2ee2573f9bc4.js",
        "/86.3cf7786e43ba49ffbe2c.js",
        "/87.82f8db11584b18fb7899.js",
        "/88.9e7a8a49e02ebeb36a9d.js",
        "/89.ac903c918803b3d13125.js",
        "/9.de24468221752457bbf2.js",
        "/90.2837e9a93e11f0948329.js",
        "/91.2896b9c01738f2645f13.js",
        "/92.68b5e675794577df456e.js",
        "/93.0d17077e744546faa53d.js",
        "/94.904bb0d300c586523e69.js",
        "/95.5ef24b552be6cac13d83.js",
        "/96.02d0fe63795dd03ca81c.js",
        "/97.b87a95eb8dac35abd799.js",
        "/98.4b1d06d8ac2c15d4509d.js",
        "/99.a7e73b10ecc42f804e5e.js",
        "/common.ac1c2e3ff2ac3a7199bb.js",
        "/index.html",
        "/main.fcbe620988c8b5b273c3.js",
        "/polyfills.c0ad77d76dedfe277493.js",
        "/runtime.dd9ddddcae213a7e6d4d.js",
        "/scripts.7fe3a091d5863a591231.js",
        "/stencil-polyfills-css-shim.09faa803823046326aed.js",
        "/stencil-polyfills-dom.70abacbb1c2d68dfc18c.js",
        "/styles.cbe6ef1dcab96537a926.css"
      ],
      "patterns": []
    },
    {
      "name": "assets",
      "installMode": "lazy",
      "updateMode": "prefetch",
      "urls": [
        "/assets/GeneralIcons/book.png",
        "/assets/GeneralIcons/pdf.png",
        "/assets/GeneralIcons/teacher.png",
        "/assets/GeneralIcons/video.png",
        "/assets/icon/OnlyLogo.png",
        "/assets/icon/bg1.jpg",
        "/assets/icon/bg2.jpg",
        "/assets/icon/book_logo.png",
        "/assets/icon/nodata.jpg",
        "/assets/shapes.svg",
        "/assets/usericon/user.jpg",
        "/color.c7a33805ffda0d32bd2a.png",
        "/hue.0614c27197fc3ce572e1.png",
        "/line.567f57385ea3dde2c9ae.gif",
        "/loading.8732a6660b528fadfaeb.gif",
        "/open-sans-v15-latin-300.177cc92d2e8027712a8c.ttf",
        "/open-sans-v15-latin-300.27ef0b062b2e221df16f.svg",
        "/open-sans-v15-latin-300.521d17bc9f3526c690e8.woff",
        "/open-sans-v15-latin-300.60c866748ff15f5b347f.woff2",
        "/open-sans-v15-latin-300.76b56857ebbae3a5a689.eot",
        "/open-sans-v15-latin-700.148a6749baa5f658a451.eot",
        "/open-sans-v15-latin-700.2e00b2635b51ba336b4b.svg",
        "/open-sans-v15-latin-700.623e3205570002af47fc.woff",
        "/open-sans-v15-latin-700.7e08cc656863d52bcb5c.ttf",
        "/open-sans-v15-latin-700.d08c09f2f169f4a6edbc.woff2",
        "/open-sans-v15-latin-regular.7aab4c13671282c90669.svg",
        "/open-sans-v15-latin-regular.9dce7f01715340861bdb.eot",
        "/open-sans-v15-latin-regular.bf2d0783515b7d75c35b.woff",
        "/open-sans-v15-latin-regular.c045b73d86803686f4cd.ttf",
        "/open-sans-v15-latin-regular.cffb686d7d2f4682df83.woff2",
        "/password-meter.d59e6dc2616c53ce8e77.png",
        "/primeicons.2d2afb2719a1ee903e57.eot",
        "/primeicons.66ee0deb739ca71f0ecd.woff",
        "/primeicons.df0140f8e79ecfeffaf8.ttf",
        "/primeicons.e5e0e94474d5fd92e7e8.svg"
      ],
      "patterns": []
    }
  ],
  "dataGroups": [],
  "hashTable": {
    "/100.c053511e0a936d6a8e2c.js": "985d76899f479fbba8497bc2c6c19c84a1c78f00",
    "/101.7da20252343dd7ef576a.js": "eac88013234a416c06ca9e63991426c96f9fde1a",
    "/102.c8ab5b211deb16017824.js": "f4d5cf9e0c17f234ec47bb9e22bdbf03011fda7c",
    "/103.b1fa97f6c6871acd14eb.js": "cb787d113cfbf33c0a04facbd2b3baa812f74724",
    "/104.5082b565b415b74e1764.js": "ea85c8319db8d1b3ec01a1b992f970291fb07a2f",
    "/105.a8b554ce69422f9ecc4a.js": "3a5ec4ca5e854ecc16ee4def1e9ea49a9a6b4cf7",
    "/106.f325b599205ec3a0436f.js": "ffab4131f3310dc182c18f59af9f4aaef3b673c7",
    "/107.4e28c3bb678f658ac171.js": "43082cd45bceb5cf17b4a93adaa991af12f490ec",
    "/108.4fb2271fd3fd420a5783.js": "ab4c91098c2c8e34563de922368e14a1e464a3df",
    "/109.4869192e51e3a69d29fc.js": "894df219f70fd88f625d091ab18f001af1da5629",
    "/110.e57e848d652992377f51.js": "af09e265ed94e2303ff2483b8f38c3c9d38e7ad3",
    "/111.bc9ad4b6beec45cf7067.js": "51227334bde64b65bb372ffc628b3a15c9ba9573",
    "/112.f80a17431b008c307e2f.js": "62098c5afc5c06c37d5dc82482f9330a66407c75",
    "/113.37e9b14d5d19987c7bbd.js": "762a2b07072f458575cf2ccf55ce887c7b20c6a6",
    "/114.bca20705bd1670a0299d.js": "ce37ded005f21bfdd110f369a28a0087e0f25f5d",
    "/115.8832a8d59f709310be61.js": "4d9665ab12d1cc36558228976ddf31f826d898c9",
    "/116.db9bdc2359280767d242.js": "366e815c1544edec0f56a105c85296388233b745",
    "/117.66035b42b49f078d8ced.js": "9bcbbda84f32d0a405e79de84a8c01f291402e4d",
    "/118.d199d74a205bd58c931d.js": "898c695227b97da58ed3ba92d0c9772936aed4e8",
    "/119.f8f29659d77841be75a6.js": "8a3dd8e96aa02512fa9a7e50a01cae7ad7d00b41",
    "/120.07d6c0612e8f294ef844.js": "09b4b51f7682cb90ad5fd36314ec18c168814d39",
    "/121.d3065b9d9b324a2fc4cf.js": "4879f57516ef312baaef653dc7cbbd4bfc738657",
    "/122.3fcd05edc734d2b7e50e.js": "ef09bd9b5ffd37409377518b7c8735edbd090a37",
    "/123.d8235d16a38a5d68453b.js": "765cbc0ebd5ec765b29bc9bd27a06cbdfb72f272",
    "/15.a9da020b9d31faa597ff.js": "f634d881a75c29943f4722f62a32990c691c0937",
    "/16.b559612686b8d5f14328.js": "ce9553756e2e14b0d28e769de9dfed4f089db91f",
    "/17.0dc8c79d0bc9a37acffa.js": "5b98afc5edfff7ba507e8ca61c7e4c093983987c",
    "/18.055c2e32dd2f97d6564d.js": "2eaef5f6027392d9dcf2aafbf5cc3889e0abbf1d",
    "/19.dd9a291d5833be8371c5.js": "7087ecf4dfb597b6f05333d7ddf8966c00c54915",
    "/2.54eedf0257ae56f684f7.js": "3736a1c63c582dedd1420fbac3e859f77bb550ce",
    "/20.bebc9f9099a2c42beecd.js": "8812397a338ef73e111bc475af639f1b5f930d6d",
    "/21.80de9933333ebd58bfe0.js": "57a37aba79cb62a8b0967f919fc3e434165e5e36",
    "/22.824aee733bbf318980cd.js": "c11aca9225fb7e6b2be1d34ac80f2c0503eb9e10",
    "/23.55d941699f2dd3418fc1.js": "94d593b8007b9f48793a07a2ea2e46872b42a127",
    "/24.ab172c99b3afb995e581.js": "bdd97704fac1d26c319be5c455271427289b63a2",
    "/25.8ff59846deac20af96c9.js": "3cc47827ac0df40fea66f30303b5789a9e43a446",
    "/26.8618256e8fb9d4460841.js": "34eb464743b38b19ffaefc061d955d48717b09ae",
    "/27.7255e6c187f20f51802a.js": "78b5a8f9c58c726c4b325955c268cf63dbe0c923",
    "/28.1a030ad6a715a1a942ad.js": "eb21578512e73ff176e9e31fdaade54ea4430199",
    "/29.6d26a36fca563d118bea.js": "6b2c34d3e43e323f3bfe7282ee5ea82a1de09a12",
    "/3.5da80a62f88fd744035a.js": "0f09f627657e16a7bdfb880111857b290312f0a5",
    "/30.870e74fd86c6727e1818.js": "b42ff77e16e011033890df90f4723c3211389e0d",
    "/31.6689a6d4341cde2294d0.js": "3475460a8f87fdb0496926176128ee3ae1c13367",
    "/32.6ace22374207625bc9c4.js": "a45efb3319faf581a952bea362ca0d14468df035",
    "/33.d66169118956361018cf.js": "3290d4ec0cd22bda4a72417f9971e130b5ccd000",
    "/34.a31e4418512198fddbd0.js": "c0402262d583fa43ec85a44b84ae53ff30690003",
    "/35.9c0baf6356aa8fa608a8.js": "ec8cdd5628cb0c2928f7c19eb7f3060fd771a306",
    "/36.9a855e18a1a481f5ae87.js": "a99fa67b5ebe5ca78e4eeb6c0e794c802672eb52",
    "/37.0cfb3b94650f70e57554.js": "29804006f1f518f357a9ec3a9f01f9b80fc569e2",
    "/38.08f39a56a21d9aefff6c.js": "30db8f3f9e07e10816e1ffb8440cb750419314f8",
    "/39.fb973180a82d952ba838.js": "942d6086a4029f2faebfc7ae5798dfa292be5b17",
    "/4.e080dc9dba81bfab6e09.js": "5250ce185883b38f6e95034c9c8cf6466f4f4302",
    "/40.fe6d8134a334e46d07b2.js": "11a0d0643578427cb70a4df31af7db824631b884",
    "/41.b8ff3d8fda6b5ecaf6aa.js": "5c64cbdc6745182ec25ea6280b4ee9db4cbb6bf5",
    "/42.d12f650136edaae7e140.js": "caabe1937a9c747e7b6605e1a1c6c1cd7e36f7a2",
    "/43.be0010eed4052d125116.js": "6f7967819e2f6871afeb17ecf40b920cde28eead",
    "/44.d0ab18f5e637fe68006a.js": "7ab9b7d163ef27c9d8eb9acfef05fd5bcc01eecd",
    "/45.094e807ddc8a879ea841.js": "3daa64200ad91a606b7e4c1562fd36f2b38b125c",
    "/46.8eeae0bedcca27f3a1ad.js": "0520dcb2d7bdd35da9207587b3a1fa090737d977",
    "/47.5f950e622079c101790b.js": "5ada28a5e439372bdff3612cb4fed6595b3a4bc5",
    "/48.f6c49abee4d2d58e6eb8.js": "0f0894586b21a447fe8f56355b47ba848ac133a2",
    "/49.f760b9bb1647e266ad3b.js": "d116ba8ba2720b7099bf75ef6cc6e94271b8e3e4",
    "/5.094ab49456209af5372a.js": "aebcc2b7ab89ce45766cae896380cf9948a911b1",
    "/50.59825a793d1ffbfcddfd.js": "f04df91052bf79408c965204830d56683a2fbbab",
    "/51.585959781a9f1cd71f1d.js": "7d28cc2293e54ad681d5d23412eceb7232cdbf35",
    "/52.fdac0ef0ad8e83ae24c6.js": "57064c92d4c2557988ce78c51c3e0ca8147cc285",
    "/53.bfe130efefb150b4f6a4.js": "af0414e09625225b16ee79267ddad7cf57aa996e",
    "/54.e90785401279e165bde6.js": "dae24f7304c353afd2db724ecf305973cfa0d9e7",
    "/55.b3d19eb551d01efe634a.js": "922cb134156dba8ef398c455786a92c30a532405",
    "/56.fd29563d942ff5c6d35b.js": "30ae68897116cf7da4f4e16ebf2f6f4c88b17840",
    "/57.9b54e9d23386df9c0755.js": "c23fc69985de6a4636e5de7708428e5e3b25a753",
    "/58.aa89eb6dc085f53dcd92.js": "e79ae9d99d44ce491ee78b0e73d8e01b04f12d7d",
    "/59.7cc3cb9fc09b2fdcb415.js": "cd79146d03a8415e7ae33fbdb8a2c9bbc712eef4",
    "/6.14ddcd98c7e38d2367a5.js": "410becbe959f02b8326ccd4a75b51fe48d637bc9",
    "/60.eb575e95537dca261810.js": "d5adedc18dc479a090c148d852764082a0a8b023",
    "/61.43e76adbcd604577fcb3.js": "74b616f39fcce8cde2eacd570df8da2247eb319b",
    "/62.9b6e3d6d13ed5f5df342.js": "f0cf37f6c13cfa26411aaf3bec4f4d397d9f8adc",
    "/63.62ff42f55dbd4d46b45d.js": "ca80f31203ada0ed4e774b4ccd7b6f0f15982407",
    "/64.c3843ae756d3d11804c1.js": "7f3323d53d4e44915219b1321be1536cb5cd9cb7",
    "/65.5148ce224bae93966c48.js": "78039d1d2ed51e2061bcbafe92569b8457150daa",
    "/66.65a6cecb0bbc253b0fb1.js": "f872dd43f55328f454d7c2358ee8ee29affb4e64",
    "/67.e2e7c7456969f1aa0b94.js": "96b3295e30a1d08e7d560294910fd1fdd717a6ea",
    "/68.2fc1788fe9ea7a121031.js": "0a08813bb84a595d2dc2c79d8bb6bb813154103b",
    "/69.7a69ea248bfc3e3ddf74.js": "621adcf47614418e198ab10b8f26ac1eda90d7c1",
    "/7.8eadbc219ce9ea52a442.js": "d1894306e42bc79050db59a80a7d18b54b3f9d02",
    "/70.2d862359dc763c24dae2.js": "36b3414a31dd942da3fc2a1ff5f85217fa6164d8",
    "/71.2b86dde286e4823bd2ac.js": "d19ff4edad184b17a0fa5b6e326a68438422e5c8",
    "/72.eb53eaecc3979c19affd.js": "7dcb91a801d37f36d50a99c0551f92f11e1e61c4",
    "/73.48240ae068180d1b1978.js": "a028071e62d8b23aea77845932e284123385bc73",
    "/74.96fc1f84d6b214be185d.js": "f3cde0a0c5f3c14ee7e178fce579d2f2de596d9c",
    "/75.7ea997512fe2b1c1468b.js": "54cc89d68408a641f8269a0c4a315a592a7fb9ea",
    "/76.891be4041fbcd0e1dccf.js": "fe5ffd368f13c22c20da30ac525ceeded7ac2ec2",
    "/77.6c6f976be93ffc64f2e8.js": "be6953d61185041e9775c17e7daae27c0789fd28",
    "/78.0a2e2f8b696ca43fb603.js": "b2a3e2f0fc7193c034a53485843372f8a53969be",
    "/79.e5fa3316008d33a79585.js": "6887c39d267266abe7e69aecc71c88ffb024d64f",
    "/8.ff7167e114b743a32c59.js": "4559f47d91e30ee8ad7b859a8c0cf45b4190db13",
    "/80.909e7d3b3355fbaa8f5b.js": "f8d0e89002db986a30b4b46d8f8af37e110c4cbb",
    "/81.216b471472c04d6aff43.js": "a4a901d03d4bcaf95dbcc9c8c24ee641aee0b540",
    "/82.230e5c28de3c44491da4.js": "5591e73f612dc0bd84f15daa4fdee799353dc7c8",
    "/83.b5641205a6c67b77587f.js": "1df0c80558d9d2991cefeb56511b34163241b024",
    "/84.15b8725f352e6d0a6b5c.js": "a4bbef7857441cc5b453e5eafe704adffbc6d873",
    "/85.e5fd6ecf2ee2573f9bc4.js": "2747d376468a7ccc3e220fc8f8b0c32bfb833d8c",
    "/86.3cf7786e43ba49ffbe2c.js": "713c91aba77d9d3f16ae244f4c68ec757b3a596f",
    "/87.82f8db11584b18fb7899.js": "52cef2e6243bb8be0a18d8ef9594ee11eeedf017",
    "/88.9e7a8a49e02ebeb36a9d.js": "35d3b0c23a665a20d4592ad91a0efcc2107e198a",
    "/89.ac903c918803b3d13125.js": "80af47d9961a972f2fe726203eb12aa6418389df",
    "/9.de24468221752457bbf2.js": "e71018d300b9c6ecf3ac0c9969e0bc6126ac548e",
    "/90.2837e9a93e11f0948329.js": "92d47c45ecec3c0e0e9b23256e3464b43dc59cf3",
    "/91.2896b9c01738f2645f13.js": "1b670b03866e76ee1930cce560026e1f8a6bc87c",
    "/92.68b5e675794577df456e.js": "27ea783becd34c317d41f9a6d675308a7fb68914",
    "/93.0d17077e744546faa53d.js": "276cb2d3c0e59dfdfcf7cd26d57100a54cf4215a",
    "/94.904bb0d300c586523e69.js": "d02fe6698625def79249ca72897406b5224992df",
    "/95.5ef24b552be6cac13d83.js": "2a712ea98d29a5aa90849ee6bbf0fc1cfb6b44c2",
    "/96.02d0fe63795dd03ca81c.js": "b71e8918da9b3f93ea954d245241fc548614e685",
    "/97.b87a95eb8dac35abd799.js": "c38da98104109098b924392fe0a9ed5594414f7d",
    "/98.4b1d06d8ac2c15d4509d.js": "c2a3a20f1b327ce1fb84a610e2e7211bd4fcb177",
    "/99.a7e73b10ecc42f804e5e.js": "9594a8a7c87dfcf202ac620ed8cac8c5fc2ff8b4",
    "/assets/GeneralIcons/book.png": "a4314a3f538d84e4440141231fe9b1b1491e690b",
    "/assets/GeneralIcons/pdf.png": "c74a3e3e276224537c6c2bb5745cbfb02c1ff480",
    "/assets/GeneralIcons/teacher.png": "09ffb44a0131e1732a3096f28f095f04c05dd771",
    "/assets/GeneralIcons/video.png": "ebd56beba66af8e514cd30294d59b74b00023c5a",
    "/assets/icon/OnlyLogo.png": "614274ac9f9049ed85454c6f7c550b05826c65f9",
    "/assets/icon/bg1.jpg": "20bf3914b3e98a240167d06afd7fb41a6a4b971f",
    "/assets/icon/bg2.jpg": "0c4a4362ae1ae2efe3658462c9a8df6a421dff0f",
    "/assets/icon/book_logo.png": "168040638d266aabc5b15c22230106f2d320cab3",
    "/assets/icon/nodata.jpg": "59c1ed0de4691c324ddc55c4105895810d38f42a",
    "/assets/shapes.svg": "638f87e27e6fc7ddfd6e6b262ea70d690f6c7011",
    "/assets/usericon/user.jpg": "d2a2f6def669ae8df030b7281eb4f14876346f6c",
    "/color.c7a33805ffda0d32bd2a.png": "ff4c4bcb2207891b292f544edb4da9d2df5d45cf",
    "/common.ac1c2e3ff2ac3a7199bb.js": "800c3a1dc85f5474089a8417f16634bd049bd360",
    "/hue.0614c27197fc3ce572e1.png": "f81ae627637a684614aa726e206c73ce099a01fd",
    "/index.html": "4cd5648b72b80fc2e28f0c02eadefc73c6c80e99",
    "/line.567f57385ea3dde2c9ae.gif": "a2af20bd160ca9cfc2c85527663ff7429267519a",
    "/loading.8732a6660b528fadfaeb.gif": "72998a116936156dc7cace0606dab499fe4f3ce8",
    "/main.fcbe620988c8b5b273c3.js": "ec01f0c8c4effd49e4099ceea715f7821dbaaacb",
    "/open-sans-v15-latin-300.177cc92d2e8027712a8c.ttf": "861b3593521709d9fa8a8efb6f40817dd7fa9337",
    "/open-sans-v15-latin-300.27ef0b062b2e221df16f.svg": "1183c2939f6cad1ac69dc16d4a0b943d546e4b2e",
    "/open-sans-v15-latin-300.521d17bc9f3526c690e8.woff": "0c74bab4a4ebdafe080c8a35bd61d38f1b692358",
    "/open-sans-v15-latin-300.60c866748ff15f5b347f.woff2": "34f486906decb7c8cf7a02d4758add9a2408c7a5",
    "/open-sans-v15-latin-300.76b56857ebbae3a5a689.eot": "7ee41fc56711a91b386b72d60d42feb9b4148f50",
    "/open-sans-v15-latin-700.148a6749baa5f658a451.eot": "29ac62f8162f60358348d8f80b191736885fdc12",
    "/open-sans-v15-latin-700.2e00b2635b51ba336b4b.svg": "8338e3159cc9c5ff55cac72674afb7e90118ff19",
    "/open-sans-v15-latin-700.623e3205570002af47fc.woff": "b5f79d1934da79c8a4ba381092dad82ffb0582cb",
    "/open-sans-v15-latin-700.7e08cc656863d52bcb5c.ttf": "f6e1c78441d4ca2ef589ce79e48d3dbf9dca9a0d",
    "/open-sans-v15-latin-700.d08c09f2f169f4a6edbc.woff2": "5a6a45d6f98752b11ccb7c4f0f6fd7faf18ad1a7",
    "/open-sans-v15-latin-regular.7aab4c13671282c90669.svg": "4ca4e88a77a4d81138206a10793507cde43e31a8",
    "/open-sans-v15-latin-regular.9dce7f01715340861bdb.eot": "8bfad53d1b3c94c9e13bdd7c0b6c7d605396d7b4",
    "/open-sans-v15-latin-regular.bf2d0783515b7d75c35b.woff": "0e92462e402c15295366d912a7b8be303d0257d8",
    "/open-sans-v15-latin-regular.c045b73d86803686f4cd.ttf": "92d652578c531e2c3d9db4622584f6a1ab2c225a",
    "/open-sans-v15-latin-regular.cffb686d7d2f4682df83.woff2": "2c07a9656f1e38da408f20f1cf11581a15cbd7a2",
    "/password-meter.d59e6dc2616c53ce8e77.png": "e0e101bd2a1cbda41398b48a4ab1792d89cb7334",
    "/polyfills.c0ad77d76dedfe277493.js": "06a55673daadb034654ad5a15a95e24a56c21d17",
    "/primeicons.2d2afb2719a1ee903e57.eot": "3a564ee7b180527eeba74f3dccfa6f779fcc48ab",
    "/primeicons.66ee0deb739ca71f0ecd.woff": "c4b44a9b0bc025f62101936b37de1977cd25e3fd",
    "/primeicons.df0140f8e79ecfeffaf8.ttf": "5695d34fc4ebc0bbd2fcb0babe238c3023638a7d",
    "/primeicons.e5e0e94474d5fd92e7e8.svg": "98255677416ed656903e9190e976c00fb2ac862d",
    "/runtime.dd9ddddcae213a7e6d4d.js": "1ca4988681e30ea0aeaf23974c94722ec66bf60e",
    "/scripts.7fe3a091d5863a591231.js": "89f4bf1eb1f08e2156a3a893c276a5723f948dbb",
    "/stencil-polyfills-css-shim.09faa803823046326aed.js": "6512acb7efacdda4204271b7b9fc979091d5fa35",
    "/stencil-polyfills-dom.70abacbb1c2d68dfc18c.js": "bbd2986760653fb39c766a35685951992fde5a52",
    "/styles.cbe6ef1dcab96537a926.css": "f441c61d1428057b9bd655f8bdb2a24833c53d0e"
  },
  "navigationUrls": [
    {
      "positive": true,
      "regex": "^\\/.*$"
    },
    {
      "positive": false,
      "regex": "^\\/(?:.+\\/)?[^/]*\\.[^/]*$"
    },
    {
      "positive": false,
      "regex": "^\\/(?:.+\\/)?[^/]*__[^/]*$"
    },
    {
      "positive": false,
      "regex": "^\\/(?:.+\\/)?[^/]*__[^/]*\\/.*$"
    }
  ]
}